{"entities":{"pages":{"Default-topic":{"id":"Default-topic","title":"This is the first topic","url":"default-topic.html","level":0,"tabIndex":0},"test":{"id":"test","title":"\u003ctest.md\u003e","level":0,"tabIndex":1},"how-to":{"id":"how-to","title":"\u003chow-to.md\u003e","level":0,"tabIndex":2},"Overview":{"id":"Overview","title":"\u003cOverview.md\u003e","level":0,"tabIndex":3},"Reference":{"id":"Reference","title":"\u003cReference.md\u003e","level":0,"tabIndex":4},"Tutorial":{"id":"Tutorial","title":"\u003cTutorial.md\u003e","level":0,"tabIndex":5},"How-to":{"id":"How-to","title":"\u003cHow-to.topic\u003e","level":0,"tabIndex":6},"Starter":{"id":"Starter","title":"Starter","url":"starter.html","level":0,"tabIndex":7}}},"topLevelIds":["Default-topic","test","how-to","Overview","Reference","Tutorial","How-to","Starter"]}